<?xml version="1.0" encoding="UTF-8"?>
<project-private xmlns="http://www.netbeans.org/ns/project-private/1">
    <editor-bookmarks xmlns="http://www.netbeans.org/ns/editor-bookmarks/2" lastBookmarkId="0"/>
    <open-files xmlns="http://www.netbeans.org/ns/projectui-open-files/2">
        <group>
            <file>file:/C:/Users/Usuário/Desktop/ProjetosEmbarcada/CONTROLE-PID-TEMPERATURA/CONTROLE_PID_TEMPERATURA/pwm.c</file>
            <file>file:/C:/Users/Usuário/Desktop/ProjetosEmbarcada/CONTROLE-PID-TEMPERATURA/CONTROLE_PID_TEMPERATURA/main.c</file>
            <file>file:/C:/Users/Usuário/Desktop/ProjetosEmbarcada/CONTROLE-PID-TEMPERATURA/CONTROLE_PID_TEMPERATURA/pid_control.c</file>
        </group>
    </open-files>
</project-private>
